{"cameraMode":{"drawMode":0,"name":"Shaded","section":"Shading Mode"},"sceneLighting":false,"audioPlay":false,"sceneViewState":{"m_AlwaysRefresh":false,"showFog":true,"showSkybox":false,"showFlares":true,"showImageEffects":true,"showParticleSystems":true,"showVisualEffectGraphs":true,"m_FxEnabled":true},"in2DMode":false,"pivot":{"x":-9.800420761108399,"y":23.12844467163086,"z":3.584442138671875},"rotation":{"x":-0.013404864817857743,"y":0.9700589776039124,"z":-0.23616625368595124,"w":-0.055060259997844699},"size":12.610512733459473,"orthographic":false}