{"cameraMode":{"drawMode":0,"name":"Shaded","section":"Shading Mode"},"sceneLighting":true,"audioPlay":false,"sceneViewState":{"m_AlwaysRefresh":false,"showFog":true,"showSkybox":true,"showFlares":true,"showImageEffects":true,"showParticleSystems":true,"showVisualEffectGraphs":true,"m_FxEnabled":true},"in2DMode":false,"pivot":{"x":-1.5490177869796754,"y":21.897281646728517,"z":6.497576713562012},"rotation":{"x":-0.5305013060569763,"y":0.052849072962999347,"z":-0.03316093236207962,"w":-0.845413088798523},"size":12.653899192810059,"orthographic":false}