{"cameraMode":{"drawMode":0,"name":"Shaded","section":"Shading Mode"},"sceneLighting":true,"audioPlay":false,"sceneViewState":{"m_AlwaysRefresh":false,"showFog":true,"showSkybox":true,"showFlares":true,"showImageEffects":true,"showParticleSystems":true,"showVisualEffectGraphs":true,"m_FxEnabled":true},"in2DMode":false,"pivot":{"x":-2.261993408203125,"y":13.740791320800782,"z":24.362577438354493},"rotation":{"x":0.3799009323120117,"y":0.1311424970626831,"z":-0.05450528860092163,"w":0.9140604138374329},"size":28.833362579345704,"orthographic":false}